id_ramal;empresa;linea;ramal;desclinearamal;fin_ida;fin_vuelta;text_recorrido
1;1;101;NEGRO;NULL;Ciudad Universitaria;Rueda y Provincias Unidas; IDA: Desde Rueda y Av. Provincias Unidas, por Av. Provincias Unidas, J.J. Paso, Rep. Dominicana, French, Rep. Dominicana, Gorriti, Iguazú, Humberto Primero, Cangallo, Harding, Av. A. Sabin, Bv. Avellaneda, Viaducto Avellaneda, San Lorenzo, Vera Mujica, Tucumán, Suipacha, San Lorenzo, Laprida, Av. Pellegrini, Alem, Cerrito, Berutti hasta Riobamba VUELTA: Desde Berutti y Riobamba, por Riobamba, Ayacucho, Av. Pellegrini, Maipú, Santa Fe, Viaducto Avellaneda, Bv. Avellaneda, Casilda, Nueva York, Bahía Blanca, Vélez Sarsfield, Rep. Dominicana, French, Formosa, J.J. Paso, Av. Provincias Unidas, Rueda, República del Salvador, Amenábar, Av. Provincias Unidas hasta Rueda.
;;;;;;;
2;1;101;ROJO;NULL;Ciudad Universitaria;Provincias Unidas y J. J. Paso; IDA: Desde Av. Provincias Unidas y J.J. Paso, por Av. Provincias Unidas, Junín, Av. A. Sabin, Bv. Avellaneda, Viaducto Avellaneda, San Lorenzo, Vera Mujica, Tucumán, Suipacha, San Lorenzo, Laprida, Av. Pellegrini, Alem, Cerrito, Berutti hasta RiobambaVUELTA: Desde Berutti y Riobamba, por Riobamba, Ayacucho, Av. Pellegrini, Maipú, Santa Fe, Viaducto Avellaneda, Bv Avellaneda, Casilda, Av. A. Sabin, Stephenson, Vélez Sarsfield, Formosa, Junín,  Av. Provincias Unidas hasta J.J. Pas
;;;;;;;
3;1;102;NEGRO;NULL;Ciudad Universitaria;Mini Terminal Bº Rucci; IDA: Desde Mini-terminal de Barrio Rucci, por Castro, H. Manzi, I. Peirano, Palliere, Puente “Automóvil Club Argentino” (puente sobre Av. Circunvalación), Palliere, Gianneo Norte, Gianneo Sur Av. J. Kennedy, Gambartes, Palestina, Camino de Los Granaderos, Colectora Int. 25 de Mayo, Salvat, Bv. Rondeau, Av. Alberdi, Bordabehere, Salta, Cafferata, Córdoba, Balcarce, San Luis, Entre Ríos, Mendoza, Alem, Pasco, Chacabuco, Cerrito,  Berutti, hasta Riobamba-CUR.<br>VUELTA: desde Beruti y Riobamba, por Riobamba, Ayacucho, 3 de Febrero, Buenos Aires, Santa Fe, San Nicolás, Bordabehere, Av. Alberdi, Bv. Rondeau, Av. H. Irigoyen, Medrano, Salvat, Los Cocos, Palestina, Gambartes, Av. J. Kennedy, Gianneo Norte, Palliere, Puente “Automóvil Club Argentino” (puente sobre Av. Circunvalación), Palliere, I. Peirano, Castro hasta Mini-terminal de Barrio Rucci.<br> <br><ul><li> Recorrido de seguridad (Horario 21:00 a 06:00 hs): de su recorrido, Pasco, Chacabuco, Cerrito, Berutti. </li></ul><ul><li> Horario durante el ciclo lectivo - Ingreso al predio de la Ciudad UniversitariaDías: Lunes a Viernes 			Días: SábadosHorario: 07:00 a 24:00 horas 		Horario: 07:00 a 14:00 horas</li></ul><br><ul><li> Recorridos en los horarios no comprendidos precedentemente – Fuera del ciclo lectivo <br>IDA: de su recorrido, Cerrito, Berutti hasta Riobamba.VUELTA: Desde Berutti y Riobamba, por Riobamba, a su recorrido.</li></ul>
;;;;;;;
4;1;102;ROJO;NULL;Ciudad Universitaria;Battle y Arequipa; IDA: Desde L. Batlle y Arequipa, por L. Batlle-Villa del Parque, Levi, Calderón, Salvat, Villa del Parque, Grandoli Norte, Poblet, Bouchard, Polledo, Bv. Granel, Baigorria, Avalos, Superí, Boedo, Ghiraldo, Esquivel, Av. Casiano Casas, Sorrento, Av. A. Sabin, Av. C. Carballo, Bv. Avellaneda, Gorriti, Falucho, Junín, Av. Francia (N-S), Túnel Celedonio Escalada, Av. Del Valle, Av. Rivadavia, Dorrego, San Luis, Entre Ríos, Mendoza, Alem, Pasco, Chacabuco, Cerrito, Berutti, hasta Riobamba- CUR.<br> VUELTA: desde Berutti Riobamba, por Riobamba, Ayacucho, 3 de Febrero, Buenos Aires, Santa Fe, Italia, Av. A. Illia, Av. Brigadier López, Vélez Sarsfield, Echeverría, Av. C. Carballo, Av. A. Sabin-Pacheco, Sorrento, Av. Casiano Casas, Pavlov, Ghiraldo, Molina, Baigorria, Bv. Granel, Gazcón, Calle 1331, Villa del Parque, Salvat, Calderón, Tres Sargentos, Límite de Municipio, L. Batlle hasta Arequipa.<br> <br><ul><li> Recorrido de seguridad (Horario 21:00 a 06:00 hs): de su recorrido, Pasco, Chacabuco, Cerrito, Berutti.</li></ul><ul><li>  Horario durante el ciclo lectivo - Ingreso al predio de la Ciudad Universitaria Días: Lunes a Viernes Horario: 07:00 a 24:00 horas Días: sábados Horario: 07:00 a 14:00 horas</li></ul><ul><li> Recorridos en los horarios no comprendidos precedentemente – Fuera del ciclo lectivo<br>IDA: de su recorrido, Cerrito, Berutti hasta Riobamba. VUELTA: Desde Berutti y Riobamba, por Riobamba, a su recorrido.</li></ul>
;;;;;;;
5;1;103;NEGRO;NULL;Villa Gobernador Gálvez;Baigorria;IDA: Desde el Municipio de Granadero Baigorria por Ruta Nº 11 ingresa a Rosario por Bv. Rondeau, Av. Alberdi, Bordabehere, Salta, Paraguay, Virasoro, San Martín, Cabildo, Laprida, Patricios, Buenos Aires, Batlle y Ordoñez, Ayacucho hacia el municipio de Villa Gobernador Gálvez. VUELTA: Desde el municipio de Villa Gobernador Gálvez ingresa por Ayacucho, Marco Polo, Buenos Aires, Muñoz, San Martín, Bv. 27 de Febrero, Corrientes, Catamarca, San Nicolás, Bordabehere, Av. Alberdi, Bv. Rondeau, hacia el Municipio de Granadero Baigorria.
;;;;;;;
6;1;103;ROJO;NULL;Mini Terminal Bº Rucci;Villa Gobernador Gálvez;IDA: Desde el Municipio de V.G. Gálvez por Ruta Nac. Nº 9, ingresa a Rosario por Av. San Martín, Bv. 27 de Febrero, Corrientes, Catamarca, San Nicolás, Bordabehere, Av. Alberdi, Bv. Rondeau, Sorrento, Av. Casiano Casas, Baigorria, López Buchardo, paso bajo a nivel de Av. Circunvalación, Blomberg, Peirano, Castro hasta mini-terminal de Barrio Rucci. VUELTA: Desde Mini-terminal de Barrio Rucci, por Castro, H. Manzi, Peirano, Palestina, Blomberg, paso bajo nivel de Av. Circunvalación, López Buchardo, Baigorria, Av. Casiano Casas, Sorrento, Bv Rondeau, Av. Alberdi, Bordabehere, Salta, Paraguay, Virasoro, Av. San Martín hasta Límite de Municipio y hacia el Municipio de Villa Gobernador Gálvez.
;;;;;;;
7;1;106;NEGRO;IBARLUCEA;M. Santafesinos e Isola;Comuna de Ibarlucea; IDA: Desde Arequipa y L. Batlle, por L. Batlle-Villa del Parque, Levi, Calderón, Salvat, Villa del Parque, F. Grandoli Norte, Gazcón, Bv. Granel, Baigorria, López Buchardo, Paso bajo a nivel de Av. Circunvalación, Blomberg, H. Manzi, I. Peirano, Palliere, puente “Automóvil Club Argentino” (puente sobre Av. Circunvalación), Palliere, Gianneo, Z. Pereyra, Baigorria, Avalos, Superí, Bv. Rondeau, Av. Alberdi, Bv. Avellaneda, San Lorenzo, Vera Mújica, Tucumán, Entre Ríos, Av. Uriburu,  J.M. Rosas, Pje. La Bajada hasta Buenos Aires.- VUELTA: Desde Buenos Aires y Pje. La Bajada, Buenos Aires, Av. Uriburu, Corrientes, Urquiza, Cafferata, Santa Fe, Bv. Avellaneda, Harding, Av. Alberdi, Bv. Rondeau, Baigorria, Z. Pereyra, Gianneo, Palliere puente “ Automóvil Club Argentino” (puente sobre Av. Circunvalación), I. Peirano, Palestina, Blomberg, Paso Bajo a Nivel de Av. Circunvalación, López Buchardo, Baigorria, Bv. Granel, Gazcón, Calle 1331, Villa del Parque, Salvat, Calderón- Tres Sargentos, Camino limite del municipio, L. Batlle hasta Arequipa.
;;;;;;;
8;1;106;ROJO;MUNICIPIO;M. Santafesinos e Isola;M. García; IDA: Desde la Comuna de Ibarlucea, Ruta Nacional Nº 34, Bv. Granel, F. Grandoli, Granel, Baigorria, Avalos, Superí, Bv. Rondeau, Av. Alberdi, Bv. Avellaneda, San Lorenzo, Vera Mújica, Tucumán, Entre Ríos, Amenábar, Colón, Ayolas, Necochea-Pavón, E. de Luca, A. Grandoli, Gutiérrez, Maestros Santafesinos hasta Isola. VUELTA: Desde Maestros Santafesinos e Isola, por Isola, N. Roxlo, Sánchez de Thompson, Hipócrates, Gutiérrez, Pavón-Necochea, Gaboto, Corrientes, Urquiza, Cafferata, Santa Fe, Bv. Avellaneda, Harding, Av. Alberdi, Bv. Rondeau, Baigorria, Bv. J. Granel, Gazcón, F. Grandoli Norte, Bv. J. Granel, Ruta Nacional Nº 34, a la Comuna de Ibarlucea.(Recorrido de seguridad de 22:00 a 06:00)IDA: Desde su recorrido por Ayolas, A. Grandoli, Gutiérrez, Maestros Santafesinos hasta Isola.VUELTA: Desde Maestros Santafesinos e Isola, por Isola, N. Roxlo, Sánchez de Thompson, A. Grandoli, Gaboto a su recorrido.
;;;;;;;
9;1;107;NEGRO;NULL;M. Santafesinos e Isola;Battle y Arequipa; IDA:Desde Arequipa y L. Batlle, por L. Batlle-Villa del Parque, Levi, Calderón, Salvat, Villa del Parque, F. Grandoli Norte, Av. Suárez, Cnel. Fontana, Bv. Granel, Baigorria, López Buchardo, Paso bajo a nivel de Av. Circunvalación, Blomberg, H. Manzi, I. Peirano, Palliere, puente “Automóvil Club Argentino” (puente sobre Av. Circunvalación), Palliere, Gianneo, Z. Pereyra, Baigorria, Avalos, Superí, Bv. Rondeau, Av. Alberdi, Bv. Avellaneda, San Lorenzo, Vera Mújica, Tucumán, Suipacha, San Lorenzo, Entre Ríos, Av. Uriburu,  J.M. Rosas, Pje. La Bajada hasta Buenos Aires.- VUELTA: Desde Buenos Aires y Pje. La Bajada, Buenos Aires, Av. Uriburu, Corrientes, Urquiza, Cafferata, Santa Fe, Bv. Avellaneda, Harding, Av. Alberdi, Bv. Rondeau, Baigorria, Z. Pereyra, Gianneo, Palliere, puente “Automóvil Club Argentino” (puente sobre Av. Circunvalación), I. Peirano, Palestina, Blomberg, Paso Bajo a Nivel de Av. Circunvalación, López Buchardo, Baigorria, Bv. Granel, Cnel. Fontana, Av. Suárez, F. Grandoli Norte, Villa del Parque, Salvat, Calderón- Tres Sargentos, Camino limite del municipio, L. Batlle hasta Arequipa.
;;;;;;;
10;1;107;ROJO;NULL;M. Santafesinos e Isola;Battle y Arequipa; IDA: Desde L. Batlle y Arequipa, por L. Batlle-Villa del Parque, Levi, Calderón, Salvat, Villa del Parque, F. Grandoli Norte, Laguna, Matheu, Polledo, F. Grandoli Norte-Palestina, I. Peirano, Palliere, puente “Automóvil Club Argentino” (puente sobre Av. Circunvalación), Palliere, Gianneo, Z. Pereyra, Baigorria, Avalos, Superí, Bv. Rondeau, Av. Alberdi, Casilda, Bv. Avellaneda, San Lorenzo, Vera Mújica, Tucumán, Suipacha, San Lorenzo, Entre Ríos, Amenabar, Colón, Ayolas, Necochea-Pavón, E. de Luca, Ab. Grandoli, J. M. Gutiérrez, M. Santafesinos hasta Isola.VUELTA: Desde M. Santafesinos e Isola, por Isola, N. Roxlo, Sanchez de Thompson, Hipócrates, J. M. Gutiérrez, Pavón-Necochea, Gaboto, Corrientes, Santa Fe, Bv. Avellaneda, Harding, Av. Alberdi, Bv. Rondeau, Baigorria, Z. Pereyra, Gianneo, Palliere puente “Automóvil Club Argentino” (puente sobre Av. Circunvalación), I. Peirano, Palestina-F. Grandoli Norte, Polledo, Matheu, Laguna, F. Grandoli Norte, Gazcón, Calle 1331, Villa del Parque, Salvat, Calderón- Tres Sargentos, Camino Limite del municipio, L. Batlle hasta Arequipa.<p></p><b>Recorrido de Seguridad:</b> (de 22 a 06 hs.) IDA: De su recorrido por Ayolas, A. Grandoli, J. M. Gutiérrez, Maestros Santafesinos hasta Isola. VUELTA: De su recorrido por Sánchez de Thompson, A. Grandoli, Gaboto, a su recorrido.<p></p> TRANSBORDO GRATUITO: En el nodo ubicado en Casiano Casas y Baigorria:	Con las líneas 106 R/N (todos los días, las 24 hs)
;;;;;;;
11;1;110;UNICO;NULL;Juan Pablo II y Cisnero ;Génova y Acevedo ; IDA: Desde Génova y Acevedo, por Acevedo, J.B. Justo, Tarragona, Ayala Gauna, Colombres, J. B. Justo, paso bajo a nivel de Av. Circunvalación, J.B. Justo, Av. Provincias Unidas, Av. Génova, M. Gallini, José Ingenieros, Bv. Avellaneda, Junín, Caseros, Pje. Escalada, Av. del Valle, Av. Ovidio Lagos, San Lorenzo, Laprida, Cochabamba, Sarmiento, Bv. 27 de Febrero, Balcarce, Gálvez, Rodríguez, Av. Jorge Cura, Av. Ovidio Lagos, Bv. Segui, Río de Janeiro, Camino de la Broca, Bv. Segui, Av. Rouillón, Aborígenes Argentinos, Juan Pablo II hasta Cisnero (rotonda). VUELTA: Desde Juan Pablo II y Cisnero (rotonda), por Juan Pablo II, Aborígenes Argentinos, Av. Rouillón, Bv. Segui, Camino de la Broca, Valparaíso, Bv. Segui, Bv. Avellaneda, Biedma, Av. Ovidio Lagos, Amenábar, Pueyrredón, Virasoro, Corrientes, Ocampo, Maipú, Santa Fe, Mitre, Urquiza, Callao, Av. del Valle, Pje. Escalada, Av. Caseros, Ing. Thedy, Vélez Sarsfield, Bv. Avellaneda, Av. Génova, Av. Provincias Unidas, (S-N), J. B. Justo, Venezuela, Schweitzer, Colombres, Ayala Gauna, González del Solar, Génova hasta Acevedo .-<br> <br><ul><li>Trasbordo gratuito con la línea 125 Nodo de transbordo: Sector de Av. Rouillón y calle Juan XXIIFuncionamiento: todos los días durante las 24 horas</li></ul>
;;;;;;;
12;3;112;NEGRO;112N;Battle y Ordóñez y Ov. Lagos;Ayala Gauna y Tarragona; IDA: Desde Ayala Gauna y Tarragona, por Ayala Gauna, Colombres, J.B. Justo, Méjico, Vélez Sarsfield, Av. Provincias Unidas, Junín, Av. Alberdi, E. Bordabehere, Constitución, Tucumán, Dorrego, San Lorenzo, Laprida, Bv. 27 de Febrero, San Martín, Rueda, España, J. Canals, Dorrego, Uriburu, Bv. Oroño, J. Gutiérrez, Santiago, O.V. Andrade, Av. Ovidio Lagos, Av. Ntra. Sra. del Rosario, Colectora Juan Pablo II, Avellaneda,  Av. Arijón, Pje 2012, Calle 2019, Bv. Avellaneda, Batlle y Ordóñez, Av. Ovidio Lagos, José M. Rosa (Colectora de Av. Circunvalación), Curapaligüe, Batlle y Ordóñez hasta Ovidio Lagos. VUELTA: Desde Av. Batlle y Ordóñez y Av. Ovidio Lagos, por Batlle y Ordóñez,  Avellaneda, Calle 2019, Calle 2020, Riachuelo, Pje 2012, Arijón,  Avellaneda, Lamadrid, Cafferata, Aurora, Av. Ov. Lagos, Lamadrid, Pueyrredón, Av. Uriburu, Italia, Amenábar, Av. San Martín, Primera Junta, Maipú, Santa Fe, Moreno, Catamarca, San Nicolás, Bordabehere, Av. Alberdi, Canning, Vélez Sarsfield, Formosa, Junín, Av. Provincias Unidas, Vélez Sarsfield, Nicaragua, J.B. Justo, Venezuela, Schweitzer, Colombres, M. Estrada, Tarragona hasta Ayala Gauna.<br></br> TRANSBORDO GRATUITO:<ul><li> En el nodo ubicado en Av. Francia y Aurora: (vereda Este)Con la línea 127 (todos los días, las 24 hs)</li><li> En el nodo ubicado en Av. Ntra. Sra. Del Rosario y Av. Francia: (vereda Norte)Con la línea 127 (de lunes a viernes, de 7 a 21 hs.) </li><li> En el nodo ubicado en Batlle y Ordóñez y Av. Ovidio Lagos:Con las líneas 127, 131, 132 y Ronda CUR-SUR (todos los días, las 24 hs)</li>
;;;;;;;
13;3;112;ROJO;112R;Battle y Ordóñez y Ov. Lagos;Ayala Gauna y Tarragona; IDA: Desde Ayala Gauna y Tarragona, por Ayala Gauna, Colombres, J. B. Justo, Méjico, Vélez Sarsfield, Av. Provincias. Unidas, Junín, República Dominicana, Humberto 1º, Cangallo, Harding, Albert Sabin, Av. Alberdi, E. Bordabehere, Constitución, Tucumán, Sarmiento, Av. Pellegrini, Laprida, Bv. 27 de Febrero, Sarmiento, Rueda, España, J. Canals, Dorrego, Uriburu, Bv. Oroño, Gutiérrez, Santiago, O. V. Andrade, Av. Ov. Lagos, Av. Ntra. Sra. del Rosario, Juan Pablo II (Colectora Av. De Circunvalación), Bv. Avellaneda  hasta Av. Arijó. 
;;;;;;;
14;2;113;UNICO;113;Av. Salvador Allende y Nansen;Complejo Habitacional de Grandoli y Gutierrez ; IDA: Desde Grandoli y J. M. Gutiérrez, por J. M. Gutiérrez, Pavón, Av. Uriburu, 1º de Mayo, Bv. Segui, Av. San Martín, Amenábar, Maipú, Rueda, Mitre, Gálvez, Moreno, Bv. 27 de Febrero, Av. Francia, Av. Pte. Perón, Iriondo, San Luis, Vera Mújica, Santa Fe, San Nicolás, Tucumán, Av. Francia (S-N), paso sobre el nivel de Pje. Escalada (puente), Av. Francia (S-N), Vélez Sarsfield, Bv. Avellaneda, Av. Génova, Ferreyra, Av. De los Trabajadores, Av. Salvador Allende hasta Nansen. VUELTA: Desde Av. Salvador Allende y. Nansen por Nansen, Víctor Mercante, Av. Génova, Av. Alberdi, Casilda, Bv. Avellaneda (S-N), Junín, Av. Francia (N-S), Urquiza, Cafferata, Av. Pte. Perón, Av. Ov. Lagos, Bv. 27 de Febrero, Balcarce, Virasoro, Sarmiento, Uruguay-Ayolas, J. M. de Rosas, Av. Uriburu, Grandoli hasta J. M. Gutiérrez.
;;;;;;;
15;3;115;UNICO;115C;Ciudad Universitaria;Wilde y Eva Perón; IDA: Desde Azcuénaga y Bv. Wilde, por Azcuénaga, Sarratea, J. J. Paso, Tarragona, Ayala Gauna, Colombres, J.J. Paso, Donado, Chassaing, Colombres, Av. Eva Perón - Córdoba, Balcarce, San Luis, Alem, Montevideo, Colón, Cerrito, Berutti hasta Riobamba.  VUELTA: Desde Berutti y Riobamba, por Riobamba, Necochea, E. Zeballos, Maipú, Santa Fe, Córdoba-Eva Perón, Donado, Schweitzer, J. B. Justo, Ayala Gauna, Tarragona, J.J. Paso, Sarratea, Azcuénaga, Bv. Wilde (Norte-Sur), rotonda de Av. Eva Perón, Bv. Wilde (Sur-Norte) hasta Azcuénaga.
;;;;;;;
16;2;116;UNICO;116;Av. J. Cura y Bv. Oroño;Siunda y Calazans; IDA: Desde Siunda (ex calle 1635) y Av. Calasanz, por Siunda, Bernhein, Ing. Miglierini, Av. Calasanz (O-E), (dársena giro izquierdo) Urizar (S-N), A. Magaldi, Bv. Wilde, Av. Mendoza, Colombres, White, Donado, Av. Eva Perón - Av. Córdoba, Ricchieri, San Lorenzo, Laprida, Cochabamba, Entre Ríos, Gálvez, Bv. Oroño, Gaboto, Santiago, Av. J. Cura hasta Bv. Oroño. VUELTA: Desde Av. J. Cura y Bv. Oroño, por Bv. Oroño, Virasoro, Av. San Martín, 1º Junta, Maipú, Rioja, Alvear, Santa Fe, Av. Eva Perón, Juez Zuviría, Chassaing, Colombres, Av. Mendoza, Bv. Wilde, Bernheim, Urizar (N-S), Av. Calasanz (E-O) hasta Siunda (ex calle 1635).
;;;;;;;
17;2;120;UNICO;120;Alvear y Montevideo;Provincias Unidas y Rueda; IDA: Desde Av. Provincias Unidas y Rueda, por Av. Provincias Unidas, Av. Pellegrini, Cafferata, Cochabamba, San Nicolás, Córdoba, Vera Mujica, Salta, Entre Ríos, Av. Pellegrini, Alvear hasta Montevideo. VUELTA: Desde Alvear y Montevideo, por Montevideo, Mitre, Catamarca, Corrientes, Jujuy, Ovidio Lagos, Catamarca, Av. Francia, Urquiza, Cafferata, Av. Pellegrini, Bolivia, Montevideo, Av. Provincias Unidas, Rueda, República del Salvador, Amenábar , Av. Provincias Unidas hasta Rueda.
;;;;;;;
18;2;121;UNICO;121;Buenos Aires y Santa Fe;Camino Limíte De Municipio y Bv. Segui; IDA: Desde Camino Límite de Municipio y Bv. Segui, por Camino Límite de Municipio, Av. Rivarola, Colombres, Bv. 27 de Febrero (O-E), Guatemala, Montes Flores, Colombia, Ocampo, P. L. Funes, Cerrito, Matienzo, Av. Pte. Perón, Lima, La Paz, Bv. Avellaneda, Mendoza, Buenos Aires hasta Santa Fe. VUELTA: Desde Buenos Aires y Santa Fe, por Santa Fe, Bv. Avellaneda, Av. Pte. Perón-Bv. 27 de Febrero, Liniers, Riobamba, Av. Rouillón, Viamonte, Colombia, Bv. 27 de Febrero (E-O), José M. Rosa (N-S), Calle 1711, Colombres, Av. Rivarola, Camino Límite de Municipio hasta Bv. Segui.
;;;;;;;
19;2;122;ROJO;122R;Centenario y Serrano;Ribamba y Brasil; IDA: Desde Riobamba y Brasil, por Brasil, Cerrito, Mejico, La Paz, Ecuador, Pasco, Av. Provincias Unidas, Av. Pte. Perón, San Nicolás, Córdoba, Moreno, San Lorenzo, Sarmiento, 9 de Julio, Colón, Ayolas, Necochea (N-S)-Pavón, E. de Luca, Serrano, Centenario hasta Ayacucho. VUELTA: Desde Ayacucho y Centenario, por Ayacucho, H. de la Quintana, Pavón, Lamadrid, Cucha Cucha, J. M. Gutiérrez, Pavón, Necochea, Av. Pellegrini, Ayacucho, E. Zeballos, Buenos Aires, Rioja, Pte. Roca, Santa Fe, Cafferata, Av. Pte. Perón, Av. Provincias Unidas, Av. Pellegrini, Perú, Riobamba hasta Brasil.
;;;;;;;
20;2;122;VERDE;122V;Centenario y Serrano;Rueda y Provincias Unidas; IDA: Desde Rueda y Av. Provincias Unidas, por Av. Provincias Unidas (N-S), Bv. Segui, Barra, Juan XXIII, Rouillón, Rivero, Comandos 602, Juan XXIII, Av. Rouillón, Garay, Liniers, Av. Pte. Perón, San Nicolás, Córdoba, Moreno, San Lorenzo, Sarmiento, 9 de Julio, Colón, Ayolas, Necochea (N-S)–Pavón, E. de Luca, Serrano, Centenario hasta Ayacucho. VUELTA: Desde Ayacucho y Centenario, por Ayacucho, H. de la Quintana, Pavón, Lamadrid, Cucha-Cucha, J.M. Gutiérrez, Pavón-Necochea, Av. Pellegrini, Ayacucho, E. Zeballos, Buenos Aires, Rioja, Pte. Roca, Santa Fe, Cafferata, Av. Pte. Perón, Bv. 27 de Febrero, Matienzo, Rueda, Larrea, Gaboto, Av. Rouillón, Juan XXIII, C. Aldao, Rivero, Rouillón, Juan XXIII, Garzón, Bv. Segui, Av. Provincias Unidas (S-N), Av. Pte. Perón (E-O), Rep. del Salvador, Rueda hasta Av. Provincias Unidas. 
;;;;;;;
21;2;123;UNICO;123;1º de Mayo y San Juan;Parque Industrial Pérez; IDA: Desde Playón Parque Industrial de Peréz y Camino Límite del Municipio, por Camino Límite del Municipio, Rivarola, Av. Provincias Unidas, Bv. 27 de Febrero, C. Aldao, Riobamba, Gutenberg, Cerrito, Bv. Avellaneda, Av. Pellegrini, Vera Mujica, 9 de Julio, Pte. Roca, Mendoza, 1º de Mayo hasta San Juan. <br> VUELTA: Desde San Juan y 1º de Mayo, por San Juan, Dorrego, Av. Pellegrini, Gutenberg, Riobamba, Matienzo, Bv. 27 de Febrero, Av. Provincias Unidas, Rivarola, Camino Límite del Municipio hasta Playón Parque Industrial de Peréz.
;;;;;;;
22;1;125;UNICO;125;Corrientes y Santa Fe;Rueda y Provincias Unidas; IDA: Desde Av. Provincias Unidas y Rueda, por Av. Provincias Unidas (N-S), Bv. Segui, Barra, Juan XXIII (ex Biedma), Av. Rouillón, Bv. Segui, C. Aldao, Av. Pte. Perón, Cafferata, La Paz, Av. Francia, Av. Pellegrini, Alvear, Montevideo, Corrientes hasta Santa Fe. VUELTA: Desde Corrientes y Santa Fe, por Santa Fe, Balcarce, Av. Pellegrini, Richieri, Montevideo, Av. O. Lagos, Viamonte, San Nicolás, Av. Pte. Perón, Bv. 27 de Febrero, Matienzo, Bv. Segui, Av. Rouillón, Juan XXIII (ex Biedma), Garzón, Bv. Segui (E-O), Av. Provincias Unidas (S-N), Av. Pte. Perón (E-O), República del Salvador, Rueda hasta Av. Provincias Unidas.<br/><br/>Nuevas paradas: -Corrientes y E. Zeballos -Corrientes y 9 de Julio -Corrientes y Mendoza -Corrientes y San Luis -Corrientes y Córdoba
;;;;;;;
23;3;126;NEGRO;126A;San Lorenzo y Laprida;Ov. Lagos y Pte. Quintana; IDA: Desde Ovidio Lagos y Pte. Quintana, por Ovidio Lagos, Biedma, Rodríguez, Pte. Quintana, Crespo, Ameghino, San Nicolás, Bv. 27 de Febrero, Crespo, Virasoro, Av. Francia,  Montevideo, Callao, Mendoza, Moreno, San Lorenzo hasta Laprida. VUELTA: Desde San Lorenzo y Laprida, por Laprida, 3 de Febrero, Ovidio Lagos, Bv. 27 de Febrero, Bv. Avellaneda, Dr. Riva, Ovidio Lagos hasta Pte. Quintana.
;;;;;;;
24;3;126;ROJO;126C;San Lorenzo y Laprida;Ov. Lagos y Pte. Quintana; IDA: Desde Ovidio Lagos y Pte. Quintana, por Ovidio Lagos, Biedma, Rodríguez, Pte. Quintana,  Bv. Avellaneda, Bv. 27 de Febrero, Crespo, Virasoro, Carrasco, Pte. Perón, Av. Francia, Montevideo, Callao, Mendoza, Moreno, San Lorenzo hasta Laprida. VUELTA: Desde San Lorenzo y Laprida, por Laprida, 3 de Febrero, Ovidio Lagos, Bv. 27 de Febrero, Iriondo, Viamonte, Cafferata, Garibaldi, Av. Francia, Dr. Riva, Ovidio Lagos hasta Pte. Quintana. 
;;;;;;;
25;3;127;UNICO;127;San Lorenzo y Laprida;Battle y Ordóñez y Ov. Lagos; IDA: Desde B. y Ordóñez y Ov. Lagos, por Ov. Lagos, Colectora Juan Pablo II, Av. Francia, Arijón, Crespo, H. de la Quintana, Av. Francia, Mendoza, Moreno, San Lorenzo hasta Laprida. VUELTA: Desde San Lorenzo y Laprida, por Laprida, 3 de Febrero, Av. Francia, Nuesta Señora del Rosario, Crespo, Arijón, Av. Ov. Lagos, Colectora José M. Rosas, Curapaligue, B. y Ordóñez hasta Ov. Lagos.
;;;;;;;
26;1;128;NEGRO;128N;San Lorenzo y Laprida;Urquiza y Francia; IDA: Desde Urquiza y Av. Francia, por Urquiza, Cafferata, Santa Fe, Bv. Avellaneda, Biedma, Av. Ovidio Lagos, Bv. Segui, Mitre, San Lorenzo hasta Laprida.- VUELTA: Desde Laprida y San Lorenzo, por Laprida, San Juan, Entre Ríos, Bv. Segui, Bv. Avellaneda, Córdoba, Vera Mújica, Tucumán, Suipacha, Urquiza hasta Av. Francia.<BR/> <BR/>Nuevas paradas: -Mitre  y Córdoba -Mitre  y San Lorenzo -San Lorenzo y San Martín -Laprida y Córdoba -Laprida y San Juan -San Juan y Baron de Maua -San Juan y Mitre
;;;;;;;
27;1;128;ROJO;128R;San Lorenzo y Laprida;Urquiza y Francia; IDA: Desde Urquiza y Av. Francia, por Urquiza, Cafferata, Biedma, Av. Ovidio Lagos, Bv. Segui, Mitre, San Lorenzo hasta Laprida.- VUELTA: Desde Laprida y San Lorenzo, por Laprida, San Juan, Entre Ríos, Bv. Segui, San Nicolás, Córdoba, Vera Mújica, Tucumán, Suipacha, Urquiza hasta Av. Francia.<BR/> <BR/>Nuevas paradas: -Mitre  y Córdoba -Mitre  y San Lorenzo -San Lorenzo y San Martín -Laprida y Córdoba -Laprida y San Juan -San Juan y Baron de Maua -San Juan y Mitre
;;;;;;;
28;1;129;UNICO;129;Urquiza y Magallanes;Winter y Cipolletti; IDA: Desde Urquiza y Magallanes, por Magallanes, Tucumán, Solís, Junín, C. Aldao, J.J. Paso, Olavarría, Av. Génova, M. Gallini, Av. A. Sabin, J. Ingenieros, Bv. Avellaneda, Gorriti, Falucho, Junín, Av. Caseros, Pje. Escalada, Av. Aristóbulo del Valle, Av. Rivadavia, Balcarce, Salta, Entre Ríos, Gaboto, M. Rodríguez, Av. Jorge Cura, Av. O. Lagos, Av. Acevedo, Crespo, Mosconi, Bv. Avellaneda, Winter hasta Cipolletti. VUELTA: Desde Winter y Cipolletti, por Winter, Nahuel Huapi, Mosconi, Crespo, Av. Acevedo, Av. O. Lagos, Av. Jorge Cura, Bv. Oroño, Amenábar, Corrientes, Jujuy, Moreno, Av. Brigadier López, Vélez Sarsfield, Bv. Avellaneda,  Av. Génova, Olavarría, J.J. Paso, C. Aldao, Gorriti, Matienzo, Junín, Solís, Urquiza hasta Magallanes.
;;;;;;;
29;1;130;UNICO;130;Municipalidad;Winter y Cipolletti; IDA: Desde Winter y Cipolletti, por Winter, Nahuel Huapi, Gral. Mosconi, Crespo, Fgta. Sarmiento, Ov. Lagos, Av. Uriburu, Bv. Oroño, R. O. Uruguay, Italia, San Lorenzo, Laprida hasta San Juan. VUELTA: Desde Laprida y San Juan, por San Juan, Dorrego, Saavedra, Bv. Oroño, Av. Uriburu, Av. Francia, Fragata Sarmiento, Crespo, Mosconi, Avellaneda, Winter hasta Cipolletti.
;;;;;;;
30;3;131;UNICO;131;Ciudad Universitaria;Av. Ovidio Lagos y Copacabana; IDA: Desde Ovidio Lagos y Copacabana, por Copacabana (E-O), San Juan de Luz, Antigua calle a Soldini, Ovidio Lagos, Bv. 27 de Febrero, Paraguay, Gálvez, Pte. Roca, San Luis, J. M. de Rosas, 9 de Julio, Colón, Cerrito, Berutti, Riobamba hasta Esmeralda. VUELTA: Desde Riobamba y Esmeralda, por Riobamba, Necochea, Av. de la Libertad, San Juan, España, Bv. 27 de Febrero, Omar Carrasco (ex Ricchieri), Ocampo, Ovidio Lagos hasta Copacabana.
;;;;;;;
31;3;132;UNICO;132;Ciudad Universitaria;Bv. Avellaneda y Calle 2121; IDA: Desde Bv. Avellaneda y Calle 2121, por Calle 2121, Calle 2106 (ex Camino Barnett), Dr. F. Ruiz, Ovidio Lagos, Bv. 27 de Febrero, Paraguay, Gálvez, Pte. Roca, San Luis, J.M. de Rosas, 9 de Julio, Colón, Cerrito, Berutti, Riobamba hasta Esmeralda. VUELTA: Desde Riobamba y Esmeralda, por Riobamba, Necochea, Av. de la Libertad, San Juan, España, Bv. 27 de Febrero, Carrasco, Ocampo, Ovidio Lagos, Batlle y Ordoñez, Calle 2106 (ex Camino Barnett), Camino Nuevo a Soldini, Bv. Avellaneda hasta Calle 2121. 
;;;;;;;
32;2;133;NEGRO;133N;Funes;Cereseto y Juan Pablo II; IDA: Ingreso al Municipio de Rosario desde el Municipio de Funes, por Ruta Nacional Nº 9 -, Av. Eva Perón (O-E), Ugarteche, Parravicini, Álvarez Condarco, Av. Eva Perón - Córdoba, Alvear, San Lorenzo, Laprida, San Luis, Alem, Gaboto, J.M. de Rosas, Av. Uriburu, Av. O. Lagos, Av. Arijón, Cereseto, Giaccone, Trejo y Sanabria, Batle y Ordoñez, Juan Pablo II hasta Cereseto. VUELTA: Desde Juan Pablo II y Cereseto, por Cereseto, Arijón, Av. O. Lagos, Av. Uriburu, 1º de Mayo, Bv. Segui, Ayacucho, Ayolas, Ayacucho, E. Zeballos, 1º de Mayo, Rioja, Maipú, Santa Fe, Av. Eva Perón, Álvarez Condarco, Parravicini, Ugarteche, O. Higgins, Alvarez Condarco (S-N), Av. Eva Perón (E-O)- egreso del Municipio de Rosario, por Ruta Nacional Nº 9, hacia el Municipio de Funes.
;;;;;;;
33;2;133;VERDE;133V;Wilde y Mendoza;Cereseto y Juan Pablo II; IDA: Desde Av. Mendoza y Bv. Wilde, por Bv. Wilde, A. Magaldi, Urizar, Bernheim, Bv. Wilde, Benegas, Friuli, Av. Eva Perón-Córdoba, Alvear, San Lorenzo, Laprida, San Luis, Alem, Gaboto, J.M. de Rosas, Av. Uriburu, Av. O. Lagos, Av. Arijón, Cereseto, Giaccone, Trejo y Sanabria, Batle y Ordoñez, Juan Pablo II hasta Cereseto. VUELTA: Desde Juan Pablo II y Cereseto, por Cereseto, Arijón,  Av. O. Lagos, Av. Uriburu, 1º de Mayo, Bv. Segui, Ayacucho, Ayolas, Ayacucho, E. Zeballos, 1º de Mayo, Rioja, Maipú, Santa Fe, Av. Eva Perón, Muniagurria, Micheletti, Tarragona, Navarro, Bv. Wilde, Bernheim, Urizar, A. Magaldi, Bv. Wilde hasta Av. Mendoza.
;;;;;;;
34;2;134;UNICO;134;Pueyrredón y Av. Arijón;Junín y Monteagudo; IDA: Desde Junín y Monteagudo, por Junín, Av. Francia (N-S), Túnel C. Escalada, Av. del Valle, Rodríguez, Brown, España, Salta, Paraguay, Tucumán, Entre Ríos, Pasco, Sarmiento, Bv. Seguí, España, Av. Uriburu, Av. O. Lagos, Av. Arijón, Callao, Ombú, Pueyrredón hasta Av. Arijón. VUELTA: Desde Pueyrredón y Arijón, por Arijón, Corrientes, Lamadrid, Mitre, Gutiérrez, Corrientes, Jujuy, Moreno, Güemes, Av. Francia (S-N), V. Sarsfield, Monteagudo hasta Junín.
;;;;;;;
35;2;135;UNICO;135;Arijón y Pueyrredón;Junín y Monteagudo; IDA: Desde Junín y Monteagudo, por Junín, Av. Francia (N-S), Túnel Celedonio Escalada, Av. del Valle, Rodríguez, Brown, España, Salta, Paraguay, Tucumán, Entre Ríos, Pasco, Sarmiento, Saavedra, Entre Ríos, Estado de Israel, Paraguay, Esteban de Luca, Av. San Martín, Av. Ntra. Sra. del Rosario, Entre Ríos, Av. Arijón hasta Pueyrredón. VUELTA: Desde Av. Arijón y Pueyrredón, por Pueyrredón, Andrade, Ovidio Lagos, Av. Uriburu, Pte. Roca, Bv. Segui, Mitre, Gálvez, Corrientes, Jujuy, Moreno, Güemes, Av. Francia (S-N), V. Sarsfield, Monteagudo hasta Junín.
;;;;;;;
36;2;136;UNICO;136;Santa Fe y San Nicolás;Oroño y Battle y Ordóñez; IDA: Desde Bv. Oroño y Batlle y Ordoñez, por Batlle y Ordoñez, España, Khantuta, Paraguay, Batlle y Ordoñez, Laprida, Patricios, Buenos Aires, Batlle y Ordoñez, Salvá, Sánchez de Bustamante, Buenos Aires, 3 de Febrero, Mitre, Urquiza, Italia, Catamarca, Cafferata, Santa Fe hasta San Nicolás. VUELTA: Desde Santa Fe y San Nicolás, por San Nicolás, Tucumán, España, San Luis, Laprida, Bv. Segui, Moreno, Saavedra, Bv. Oroño hasta Batlle y Ordoñez.
;;;;;;;
37;2;137;UNICO;137;Santa Fe y San Nicolás;Oroño y Battle y Ordóñez; IDA: Desde Batlle y Ordoñez y Bv. Oroño, por Bv. Oroño, Bv. Segui, Buenos Aires, 3 de Febrero, Mitre, Urquiza, Italia, Catamarca, Cafferata, Santa Fe hasta San Nicolás. VUELTA: Desde Santa Fe y San Nicolás, por San Nicolás, Tucumán, España, San Luis, Laprida-Directorio, Anchorena, Laprida, Av. Arijón, Leiva, Muñoz, Av. Bermúdez, Patricios, Buenos Aires,  Batlle y Ordoñez, Paraguay, Khantuta, España, Batlle y Ordoñez hasta Bv. Oroño.
;;;;;;;
38;3;138;UNICO;138;3 de Febrero y Paraná;Battle y Ordóñez y Oroño; IDA: Desde Av. B. y Ordóñez y Bv. Oroño, por Av. B. y Ordoñez, Moreno, Khantuta, Melian, Av. B. y Ordóñez, Italia, Madre Cabrini, Bv. Oroño, Lamadrid, Dorrego, Av. Arijón, San Martín, 1° Junta, Bv. 27 de Febrero, Buenos Aires, Av. Pellegrini, Maipú, San Juan, Av. Francia, Santa Fe, Cafferata, Rioja, Sucre, 3 de Febrero hasta Paraná. VUELTA: Desde Paraná y 3 de Febrero por Paraná, 9 de Julio, Carriego, San Luis, Laprida, Av. Pellegrini, J.M. de Rosas, Bv. 27 de Febrero, Av. San Martín, Av. Arijón, Italia, Lamadrid, Balcarce, Cazadores, Dorrego, Av. B. y Ordóñez, Melian, Pje 507, Moreno, Av. B. y Ordóñez, Bv. Oroño, Colectora Juan Pablo II, Santiago, Av.  B. y Ordóñez hasta Bv. Oroño.Funcionamiento: Lunes a Viernes de 06:00 a 21:00 horas.
;;;;;;;
40;3;139;UNICO;139;3 de Febrero y Paraná;Battle y Ordóñez y Oroño; IDA: Desde Av. B. y Ordóñez y Bv. Oroño, por Av. B. y Ordóñez, Moreno, Khantuta, Melian, Av. B. y Ordóñez, Italia, Madre Cabrini, Bv. Oroño, Lamadrid, Dorrego, Av. Arijón, Av. San Martín, 1° Junta, Bv. 27 de Febrero, Buenos Aires, Av. Pellegrini, Maipú, San Juan, Av. Francia, Santa Fe, Cafferata, Rioja, Sucre, 3 de Febrero hasta Paraná. VUELTA: Desde  Paraná y 3 de Febrero, por Paraná, 9 de Julio, Carriego, San Luis, Laprida, Av. Pellegrini, J. M. De Rosas, Bv. 27 de Febrero, Av. San Martín, Av. Ntra. Sra. del Rosario, Italia, Lamadrid, Balcarce, Cazadores, Dorrego, Av. B. y Ordóñez, Melian, Pje 507, Moreno, Av. B. y Ordóñez, Bv. Oroño, Colectora Juan Pablo II, Santiago, Av. B. y Ordóñez hasta Bv. Oroño. Funcionamiento: Lunes a Viernes de 06:00 a 21:00 horas.
;;;;;;;
43;3;140;UNICO;140;Paraná y 9 de Julio ;Clavel y Hortensia; IDA: Desde Clavel y Hortensia, por Hortensia, Flor de Nácar, 5 de Agosto, España, Ceibo, San Martín, Amenábar, Maipú, Rueda, Mitre, Pasco, Maipú, Santa Fe, Santiago, 3 de Febrero, Paraná hasta 9 de Julio.<br> VUELTA: Desde Paraná y 9 de Julio, por 9 de Julio, Valparaíso, Montevideo, Bv. Avellaneda, 9 de Julio, Alvear, San Lorenzo, Laprida, Cochabamba, Sarmiento, Uruguay, San Martín, Ceibo, España, 5 de Agosto, Flor Nacar, Estrella Federal, Clavel hasta Hortensia.<br><br>Funcionamiento: Días de lunes a domingos /horario entre: 05:00 a 21:00 hs.-<ul><li>Recorrido de seguridad :<br> IDA: Desde Clavel y Hortensia, por Hortensia, Flor de Nácar, 5 de Agosto, España, Ceibo, San Martín, Amenábar, Maipú, Rueda, Mitre, Pasco, Maipú, Santa Fe, Santiago, 3 de Febrero, Paraná, Montevideo, Gutenberg hasta Av. Pellegrini. VUELTA: Desde Av. Pellegrini y Gutenberg, por Av. Pellegrini, Carriego, 9 de Julio, Valparaíso, Montevideo, Bv. Avellaneda, 9 de Julio, Alvear, San Lorenzo, Laprida, Cochabamba, Sarmiento, Uruguay, San Martín, Ceibo, España, 5 de Agosto, Flor Nacar, Estrella Federal, Clavel hasta Hortensia.</li></ul>Funcionamiento: Días de lunes a domingos /horario entre: 21:00 hs. a  05:00.-
;;;;;;;
44;3;141;UNICO;141;Ntra. Sra. del Rosario y Lituana;Bolivia y Schweitzer; IDA: Desde Lituania y Av. del Rosario, por Av. Ntra. .Sra. del Rosario, Cepeda, Anchorena, Buenos Aires, O. V. Andrade, Mitre, Urquiza, Lavalle, Bordabehere, Valparaíso, Urquiza, Carriego, Bordabehere, Decretada, Santa Fe, C. Aldao, Urquiza, Solís, Junín, Av. Provincias Unidas, Schweitzer, Pje. 1474, Pje Shork (ex Pje. 1435), Bolivia hasta Schweitzer. VUELTA: Desde Schweitzer y Bolivia, por Bolivia, J.B. Justo, Av. Provincias Unidas, Junín, Solís, Tucumán, Teñente Agneta, Urquiza, Larrea, Av. Eva Perón, Paraná, San Lorenzo, Cafferata, Córdoba, Suipacha, San Luis, Entre Ríos, Esteban de Luca, Sarmiento, Lamadrid, Pedernera, Av. Ntra. Sra. del Rosario hasta Lituania.
;;;;;;;
45;1;142;NEGRO;142N;Funes;Villa Gobernador Gálvez; IDA: Desde el Municipio de Funes, ingreso a Rosario por calle Miglierini, Calasanz - Av. Mendoza, Lavalle, Córdoba, Balcarce, San Luis, Laprida, Rueda, Av. San Martín, Av. Arijón, Lituania, Av. Ntra. Sra. del Rosario hasta Frig. Swift y hacia el Municipio de Villa Gobernador Gálvez.- VUELTA: Egreso desde el Municipio de Villa Gobernador Gálvez, ingreso a Rosario por el Frig. Swift, Av. Ntra. Sra. del Rosario, Lituania, Av. Arijón, Andes, Sánchez de Bustamante, Av. San Martín, 1ª Junta, Maipú, Santa Fe, Alsina, San Juan, Av.  Mendoza (E-O) - Calasanz, Siunda, Berhein, Ing. Miglierini hacia el Municipio de Funes.
;;;;;;;
46;1;142;ROJO;142R;Peirano y Castro;Villa Gobernador Gálvez; Horario: 05:00 a 23:00 hs. IDA: Desde el Municipio de Villa Gobernador Gálvez  ingreso a Rosario por, Av. Ntra. Sra. del Rosario, Lituania, Av. Arijón, Andes, Sánchez de Bustamante, Av. San Martín, 1ª Junta, Maipú,  Santa Fe, Alsina, San Juan, Mendoza, Donado, Schweitzer,  Colombres, Martínez de Estrada, Sánchez de Loria, Av. H. Pujato (ex Av. Central), Colectora Av. Circunvalación José M. Rosa, Puente Av. Newbery sobre Av. Circunvalación, Colectora de Av. de Circunvalación Juan Pablo II (lateral Este, S-N), Av. Circunvalación (sentido S-N), Baigorria, Z. Pereyra, Gianneo, Palliere, puente “Automóvil Club Argentino, Palliere, Irma Peirano hasta Castro. VUELTA: Desde Irma Peirano y Castro, por Castro, H. Manzi, Irma Peirano, Palliere, puente “Automóvil Club Argentino”, Palliere, Gianneo, Z. Pereyra, Baigorria, Av. Circunvalación (N-S), Colectora de Av. de Circunvalación José M. Rosa (lateral Oeste), Av. H. Pujato (ex Av. Central E-O), Tarragona, Martínez Estrada, Sánchez de Loria, Schweitzer,  Colombres, Juan José Paso, Donado, Chassaing, Colombres, Mendoza, Lavalle, Córdoba, Balcarce, San Luis, Laprida, Rueda, Av. San Martín, Av. Arijón, Lituania, Av. Ntra. Sra. del Rosario hasta límite del Municipio con Villa Gobernador Gálvez.<br><br>Recorrido de seguridad: de 23:00 a 05:00 hs. IDA: De su recorrido, por Av. H. Pujato (ex Central, sentido Este-Oeste) hasta Lago Puelo (ex Diagonal 1478). VUELTA: Desde Lago Puelo (ex Diagonal 1478) y Av. H. Pujato (ex Av. Central), por Av. H. Pujato ( sentido Oeste-Este ), Colectora de Av. Circunvalación ( lateral Oeste , Norte-Sur), Av. J. Newbery (sentido Este-Oeste), Los Alerces ( ex Pje. 1404, sentido Sur-Norte), Av. H. Pujato (ex Central, sentido Este-Oeste), a su recorrido. Trasbordo gratuito: En el nodo ubicado en Casiano Casas y Baigorria:	Con las líneas 106 banderas Roja y Negra- Todos los días, de 05 a 23 hs.-
;;;;;;;
47;1;142;ROJO NOCTURNO;142I;Pujato y Lº Puelo;Villa Gobernador Gálvez; IDA: De su recorrido por Av. H. Pujato (ex Central, sentido Este-Oeste) hasta Lago Puelo (ex Diagonal 1478). VUELTA: Desde Lago Puelo (ex Diagonal 1478) y Av. H. Pujato (ex Av. Central), por Av. H. Pujato ( sentido Oeste-Este ), Colectora de Av. Circunvalación ( lateral Oeste , Norte-Sur), Av. J. Newbery (sentido Este-Oeste), Los Alerces ( ex Pje. 1404, sentido Sur-Norte), Av. H. Pujato (ex Central, sentido Este-Oeste) a su recorrido.
;;;;;;;
48;1;143;NEGRO;143G;Granadero Baigorria;Ov. Lagos y Gutierrez; IDA: Desde Ovidio Lagos y Gutiérrez, por Ovidio Lagos, Arijón, Rodríguez, Ombú, Bv. Oroño, Batlle y Ordóñez (O-E),  Laprida, Patricios, Arteaga,  Batlle y Ordóñez (O-E), Ayacucho, Av. Uriburu, 1° de Mayo, Amenábar, Ayacucho, Av. 27 de Febrero, 1° de Mayo, San Juan, Corrientes, Santa Fe, San Nicolás, Bordabehere, Av. Alberdi, Bv. Rondeau, hasta Ruta Nacional Nº 11, hacia Municipio de Granadero Baigorria.  VUELTA: Desde Municipio de Granadero Baigorria por Ruta Provincial Nº 11, Bv. Rondeau, Av. Alberdi, Bordabehere, Constitución, San Lorenzo, Vera Mújica, Tucumán, Suipacha, San Lorenzo, Entre Ríos, San Luis, Alem, Uriburu, Ayacucho, Marco Polo-Patricios, Buenos Aires, Batlle y Ordóñez (E-O), Pueyrredón, Arijón, Ovidio Lagos, E. de Lucas, Callao, J. M. Gutiérrez hasta Ovidio Lagos.<BR/>  <BR/> Nuevas paradas: -San Juan y Entre Ríos -Corrientes y Cordoba
;;;;;;;
49;1;143;ROJO;143N;Mini Terminal Bº Rucci;Villa Gobernador Gálvez; IDA: Desde el Municipio de V.G. Gálvez, ingreso a Rosario por Ruta Provincial Nº 21, Limite del Municipio, Ayacucho, Av. Uriburu, 1º de Mayo, Amenábar, Ayacucho, Bv. 27 de Febrero, 1º de Mayo, San Juan, Corrientes, Santa Fe, San Nicolás, Bordabehere, Av. Alberdi, Bv. Rondeau, Gurruchaga, Zelaya, Washington (este-oeste), Av. Casiano Casas, Baigorria, López Buchardo, Paso bajo a nivel de Av. Circunvalación, Blomberg, I. Peirano, Castro hasta Mini-terminal de Barrio Rucci. VUELTA: Desde Mini-terminal de Barrio Rucci, por Castro, H. Manzi, I. Peirano, Palliere, Colectora José M. Rosa, Blomberg, Paso bajo nivel de Av. Circunvalación, López Buchardo, Baigorria, Av. Casiano Casas, Washington, Bv. Rondeau, Av. Alberdi, Bordabehere, Constitución, San Lorenzo, Vera Mújica, Tucumán, Suipacha, San Lorenzo, Entre Ríos, San Luis, Alem, Uriburu, Ayacucho hasta el límite del Municipio y hacia el Municipio de Villa Gobernador Gálvez por Ruta Provincial N° 21.<BR/>  <BR/> Nuevas paradas: -San Juan y Entre Ríos -Corrientes y Cordoba
;;;;;;;
50;1;144;NEGRO;144N;Urquiza y Francia;Grandoli y Gutiérrez; IDA: Desde A. Grandoli y Gutiérrez, por Gutiérrez, Castro Barrros, E. de Luca, A. Grandoli, Berutti, Deán Funes, Necochea, Av. Pellegrini, Alvear, Jujuy, Suipacha, Urquiza hasta Av. Francia. VUELTA: Desde Av. Francia y Urquiza, Av. Francia, Salta, Balcarce, Av. Pellegrini, Colón, Virasoro, Chacabuco, Ayolas, A. Grandoli hasta Gutiérrez.
;;;;;;;
51;1;144;ROJO;144R;Ciudad Universitaria;Urquiza y Francia;IDA: Desde Av. Francia y Urquiza, por Av. Francia, Salta, Balcarce, Av. Pellegrini, Colón, Cerrito hasta Berutti, Ingreso al predio de la Ciudad Universitaria (circuito interno). VUELTA: Desde Egreso del predio de la Ciudad Universitaria, desde Berutti y Viamonte, por Viamonte, Esmeralda, Riobamba, Necochea, Av. Pellegrini, Alvear, Jujuy, Suipacha, Urquiza hasta Av. Francia. Horario durante el ciclo lectivo – Ingreso al predio del Centro Universitario Días: Lunes a Viernes 			Días: Sábados Horario: 07:00 a 24:00 horas 		Horario: 07:00 a 14:00 horas
;;;;;;;
52;1;145;UNICO;145;Ciudad Universitaria;Uruguay y Camini Límite del Municipio; Ingreso desde Barrio Cabin 9- Municipio de Pérez IDA: Desde Uruguay y Camino Límite del Municipio, por Camino Límite del Municipio, Av. Rivarola, Av. Provincias Unidas, Mendoza, San Nicolás, San Luis, Alem, Montevideo, Colón, Cerrito, Berutti hasta Riobamba-CUR.  VUELTA: Desde Berutti y Riobamba, por Riobamba, Necochea, 3 de Febrero, Buenos Aires, Santa Fe, Av. Francia, San Juan, Mendoza, Av. Provincias Unidas, Av. Rivarola, Camino Límite del Municipio hasta Uruguay. Egreso hacia Barrio Cabin 9 Horario durante el ciclo lectivo – Ingreso al predio del Centro Universitario Días: Lunes a Viernes 			Días: Sábados Horario: 07:00 a 24:00 horas 		Horario: 07:00 a 14:00 horas IDA: de su recorrido, Cerrito, ingreso al predio de la Centro Universitario (circuito interno). VUELTA: Egreso del predio de la Centro Universitario, desde Berutti y Viamonte, por Viamonte, Esmeralda, Necochea, a su recorrido.
;;;;;;;
53;1;145;a Perez;145P;Ciudad Universitaria;Pérez - Soldini; Ingreso desde los Municipios de Pérez-Soldini por Ruta Nº 33 IDA: Desde Ruta Nº 33, Av. Pte. Perón, Camino Límite del Municipio, Av. Rivarola, Av. Pcias Unidas, Mendoza, San Nicolas, San Luis, Alem, Montevideo, Colon, Cerrito, Berutti hasta Riobamba- CUR. VUELTA: Desde Berutti y Riobamba, por Riobamba, Necochea, 3 de Febrero, Buenos Aires, Santa Fe, Av. Francia, San Juan, Mendoza, Av. Pcias Unidas, Av. Rivarola, Camino Límite del Municipio, Av. Pte. Perón, Ruta Nº 33. Egreso hacia los Municipios de Pérez-Soldini por Ruta Nº 33. Recorridos en los horarios fuera del ciclo lectivo. Horario durante el ciclo lectivo – Ingreso al predio de la Ciudad Universitaria Días: Lunes a Viernes 			Días: Sábados Horario: 07:00 a 24:00 horas 		Horario: 07:00 a 14:00 horas IDA: de su recorrido, Cerrito, ingreso al predio de la Ciudad Universitaria (circuito interno). VUELTA: Egreso del predio de la Ciudad Universitaria, desde Berutti y Viamonte, por Viamonte, Esmeralda, Necochea, a su recorrido.
;;;;;;;
54;1;146;NEGRO;146N;Ntra. Sra. del Rosario y Lituania;Acevedo y J. B. Justo; IDA: Desde Av. Ntra. Sra. del Rosario y Av. Lituania, por Av. Ntra. Sra. Del Rosario, Cepeda, Anchorena, Castro Barros, Lamadrid, Grandoli, Berutti, Gaboto, Necochea, Av. Pellegrini, Ayacucho, 3 de Febrero, Maipú, Santa Fe, San Nicolás, Av. Alberdi, Jose Ingenieros, Lenzoni, Génova, Antelo, Reconquista, Argerich, J. J. Paso, Venezuela, Schweitzer, Colombres, Ayala Gauna, Tarragona, J. J. Paso, Acevedo hasta J. B. Justo. VUELTA: Desde J. B. Justo y Acevedo por J.B. Justo, Tarragona, Ayala Gauna, Colombres, J. J. Paso, Av. Alberdi, Bordabehere, Salta, Cafferata, Córdoba, Ov. Lagos, San Luis, J. M. de Rosas, Mendoza, Colón, Virasoro, Chacabuco, Ayolas, Abanderado Grandoli, Lamadrid, Pedernera, Av. Ntra. Sra. del Rosario hasta Lituania.
;;;;;;;
55;1;146;ROJO;146R;Isola y Maestros Santafesinos;Pujato y Lº Puelo; IDA: Desde Isola y Maestros Santafesinos, por Isola, Nale Roxlo, S. de Thompson, Grandoli, Berutti, Gálvez, Necochea, Av. Pellegrini, Ayacucho, 3 de Febrero, Maipú, Santa Fe, San Nicolás, Av. Alberdi, Jose Ingenieros, Lenzoni, Génova, Antelo, Reconquista, Argerich, J. J. Paso, Venezuela, Schweitzer, Colombres, Ayala Gauna, Tarragona, Av. H. Pujato (ex Av. Central) hasta Lago Puelo. VUELTA: Desde Av. H. Pujato (ex Av. Central) y Lago Puelo, por Av. H. Pujato (ex Av. Central) (O-E), giro “U” proyección Los Alisos, Av. H. Pujato (ex Av. Central) (E-O), Tarragona, Ayala Gauna, Colombres, J. J. Paso, Av. Alberdi, Bordabehere, Salta, Cafferata, Córdoba, Ov. Lagos, San Luis, J. M. de Rosas, Mendoza, Colón, Virasoro, Chacabuco, Ayolas, Abanderado Grandoli, Gutiérrez, Maestros Santafesinos hasta Isola.
;;;;;;;
56;2;153;NEGRO;153N;Calle 1756 y Calle 1739;Camino Limite del Municipio y Arroyo Ibarlucea; 04:30 a 23:30 hs IDA: Desde Camino Límite del Municipio y Canal arroyo Ibarlucea, por camino límite del Municipio, Morrow, Cullen y Ugarte, Calderón, Robles, Villa del Parque, Cullen y Ugarte, calle 13102, Oncativo, Laguna, F. Grandoli-Palestina, I. Peirano, Palliere, Puente “Automóvil Club Argentino” (puente sobre Av. Circunvalación), Palliere, Gianneo (Norte), Gianneo (Sur), Av. J. Kennedy, Gambartes, Palestina, Camino de los Granaderos, Colectora Juan Pablo II, Salvat, V. Gomez, M. Massa, Mont Cenis, Rotonda Juan Pablo II, Pintor Musto J. Maza, Piaggio, Agrelo, Uriarte, Maza, Av. Sorrento, Víctor Mercante, Olivé, Silva, J.J.Paso, Bv. Avellaneda, Junín, Av. Caseros, Rotonda Ing. Venesia, Av. Francia (sentido Norte-Sur), Brown, Ovidio Lagos, Salta, Entre Ríos, Av. Pellegrini, Provincias Unidas, Neuquén, Méjico, Pampa, Brasil, Cochabamba, Nicaragua, Pasco, Colectora de Av. Circunvalación (lateral Este-sentido Norte-Sur), Prov. De Misiones, Calle 1707, Calle 1756 hasta 1739. VUELTA: Desde Calle 1739 y Calle 1756, por calle 1739, Calle 1746, Prov. de Misiones, Colectora de Av. Circunvalación Juan Pablo II (sentido Sur-Norte), Pasco, Nicaragüa, Cochabamba, Brasil, Forest, Av. Provincias Unidas, Montevideo, Cullen, Av. Pellegrini, Alvear, Montevideo, Corrientes, Urquiza, Callao, Güemes, Av. Francia (sentido Sur-Norte), paso sobre el nivel de Pje. Escalada (puente), Av. Caseros, Ing. Thedy, Vélez Sarsfield, Bv. Avellaneda, Génova, Ferreyra, Av. de Los Trabajadores, Av. Salvador Allende (O-E), J. Hernández, Gurruchaga, Álvarez Thomas, Buchanan (ex Aldrey), Iriarte, Maestro Massa, Ing. Laporte, M. Fierro, Bv. Rondeau (N-S), Tierra del Fuego, Speghazzini, Salvat, Los Cocos, Palestina, Gambartes, Kennedy, Gianneo (Norte), Palliere, Puente “Automóvil Club Argentino” (puente sobre Av. Circunvalación), Palliere, I. Peirano, Palestina-F. Grandoli, Laguna, Oncativo, calle 13102, Cullen y Ugarte, Villa del Parque, Alberini, Calderón, Cullen y Ugarte, Morrow, Camino Límite del Municipio hasta Canal arroyo Ibarlucea. 23:30 a 04:30 hs IDA: Desde Camino Límite del Municipio y Canal arroyo Ibarlucea, por camino límite del Municipio, Morrow, Cullen y Ugarte, Calderón, Robles, Villa del Parque, Cullen y Ugarte, calle 13102, Oncativo, Laguna, F. Grandoli-Palestina, I. Peirano, Palliere, Puente “Automóvil Club Argentino” (puente sobre Av. Circunvalación), Palliere, Gianneo (Norte), Gianneo (Sur), Av. J. Kennedy, Gambartes, Palestina, Camino de los Granaderos, Colectora Juan Pablo II, Salvat, V. Gomez, M. Massa, Mont Cenis, Rotonda Juan Pablo II, Pintor Musto J. Maza, Piaggio, Agrelo, Uriarte, Maza, Av. Sorrento, Víctor Mercante, Olivé, Silva, J.J.Paso, Bv. Avellaneda, Junín, Av. Caseros, Rotonda Ing. Venesia, Av. Francia (sentido Norte-Sur), Brown, Ovidio Lagos, Salta, Entre Ríos, Av. Pellegrini, Provincias Unidas, Neuquén, Guatemala, Av. Mendoza, Colectora de Av. Circunvalación, (lateral Oeste, sentido Norte-Sur), Montevideo,  Donado hasta Forest. VUELTA: Desde Donado y Forest, por Donado, Av. Mendoza, Colombia, Forest, Av. Provincias Unidas, Montevideo, Cullen, Av. Pellegrini, Alvear, Montevideo, Corrientes, Urquiza, Callao, Güemes, Av. Francia (sentido Sur-Norte), paso sobre el nivel de Pje. Escalada (puente), Av. Caseros, Ing. Thedy, Vélez Sarsfield, Bv. Avellaneda, Génova, Ferreyra, Av. de Los Trabajadores, Av. Salvador Allende (O-E), J. Hernández, Gurruchaga, Álvarez Thomas, Buchanan (ex Aldrey), Iriarte, Maestro Massa, Ing. Laporte, M. Fierro, Bv. Rondeau (N-S), Tierra del Fuego, Speghazzini, Salvat, Los Cocos, Palestina, Gambartes, Kennedy, Gianneo (Norte), Palliere, Puente “Automóvil Club Argentino” (puente sobre Av. Circunvalación), Palliere, I. Peirano, Palestina-F. Grandoli, Laguna, Oncativo, calle 13102, Cullen y Ugarte, Villa del Parque, Alberini, Calderón, Cullen y Ugarte, Morrow, Camino Límite del Municipio hasta Canal arroyo Ibarlucea.
;;;;;;;
58;2;153;ROJO;153R;Montevideo y Donado;26 de Agosto y Rondeau; IDA: Desde 26 de Agosto y Bv. Rondeau, por 26 de Agosto, Valentín Gómez, Ugarte, Spegazzini, Salvat, Varela, H. Irigoyen, Unión, República de Irak (ex calle 1340), Molina, Aráoz, Anchoris, Superí, Agrelo, Av. Puccio, Av. Colombres, Frondizi (ex Granel), Av. Centenario, Bv. Avellaneda, Gorriti, Falucho, Junín, Av. Caseros, Av. Francia (sentido Norte-Sur), Brown, Ovidio Lagos, Salta, Entre Ríos, Av. Pellegrini, Provincias Unidas, Neuquén, Guatemala, Av. Mendoza, Colectora de Av. Circunvalación (lateral Oeste-sentido Norte-Sur), Montevideo hasta Donado. VUELTA: Desde Montevideo y Donado, por Donado, Av. Mendoza, Colombia, Forest, Av. Provincias Unidas, Montevideo, Cullen, Av. Pellegrini, Alvear, Montevideo, Corrientes, Urquiza, Callao, Güemes, Av. Francia (sentido Sur-Norte), paso sobre el nivel de Pje. Escalada (puente), Av. Caseros, Ing. Thedy, Vélez Sarsfield, Bv. Avellaneda, Av. Centenario, Frondizi (ex Granel), Av. Colombres, Av. Puccio, Bv. Rondeau, Baigorria, Medrano, Rivera, Molina, República de Irak (ex calle 1340), Unión, H. Irigoyen, V. Gómez, Massa, Mont Cenis, Colectora de Av. Circunvalación Lateral Sur, Bv. Rondeau hasta 26 de Agosto.
;;;;;;;
64;2;K;UNICO;K;Ciudad Universitaria;Wilde y Mendoza; IDA: Desde Wilde y Mendoza, por Mendoza, Alem, Cerrito, Berutti, hasta Riobamba. VUELTA: Desde Berutti y Riobamba, por Riobamba, Necochea, 3 de Febrero, 1º de Mayo, San Juan, Mendoza hasta Wilde.(Horario de seguridad de 00:00 a 06:00) IDA: Desde Wilde y Mendoza, por Mendoza, Alem, Cerrito, hasta Necochea. VUELTA: Desde Necochea y Cerrito, por Necochea, 3 de Febrero, 1º de Mayo, San Juan, Mendoza hasta Wilde.
;;;;;;;
66;2;Ronda del Centro;UNICO;RDC;Ciudad Universitaria;Av. del Valle y Ov. Lagos; IDA: Egreso desde el Centro Universitario Rosario, por Viamonte,  Chacabuco, Bv. 27 de Febrero, Av. Francia, Santa Fe, Vera Mujica, Tucumán, Av. Francia, Brown, Pueyrredón, Av. Ilia, Av. Aristóbulo del Valle hasta Ovidio Lagos. VUELTA: Desde Ovidio Lagos y Av. Aristóbulo del Valle, por Ovidio Lagos, Bv. 27 de Febrero, Necochea, Cerrito, Convención, ingreso al Centro Universitario Rosario.FUNCIONAMIENTO: Lunes a Viernes (días hábiles) de 06:00 a 22:00 horas.Fuera del ciclo lectivo universitario y/o cuando no se encuentre habilitado el circuito interno de la Ciudad Universitario realizará el siguiente itinerario: IDA: Desde Riobamba y Berutti, por Riobamba, Chacabuco, Bv. 27 de Febrero, a su recorrido. VUELTA: De su recorrido, Bv. 27 de Febrero, Necochea, Cerrito, Berutti hasta Riobamba.
;;;;;;;
74;2;Enlace Sur;UNICO;ESU;Rui Barbosa y San Martín.;Ntra. Sra del Rosario y Lituania; IDA: Desde Av. Nuestra Señora del Rosario y Lituania, por Nuestra Señora del Rosario, Pavón, Anchorena, Leiva, Arijón, Av. Ayacucho, Rui Barbosa hasta Av. San Martín.- VUELTA: Desde Av. San Martín y Rui Barbosa, por Av. San Martín, Av. Uriburu, Laprida, Lamadrid, Av. Ayacucho, Arijón, Lituania hasta Av. Nuestra Señora del Rosario.-
;;;;;;;
75;2;Enlace Santa Lucia;UNICO;ESL;Prov. Unidas y Riobamba;Calle 1752 y Calle 1739; IDA: Desde Riobamba y Av. Provincias Unidas, por Riobamba, Ecuador, Cochabamba (sentido E-O), Nicaragüa, Pasco (sentido E-O), Colectora Juan Pablo II(sentido N-S), Paso por bajo del puente Av. Circunvalación, Colectora J. M. Rosas (sentido S-N), calle 1707, calle 1756, calle 1739 hasta calle 1752. VUELTA: Desde calle 1739 y calle 1752, por calle 1739, calle 1746, Colectora  J.M. Rosas (sentido Norte-Sur), Paso por debajo del puente Av. Circunvalación, Colectora Juan Pablo II (sentido S-N), Pasco (sentido O-E), Nicaragüa (sentido S-N), Cochabamba (sentido O-E), Guatemala, Pasco, Av. Pcias Unidas hasta Riobamba. Transbordo gratuito:Con las líneas 120 y 122 bandera Roja en la Intersección de Av. Provincias Unidas  y  calle Riobamba. Horario de prestación de 5:30 a 21:00 hs de lunes a domingos, con un agente policial en la unidad solo en el sector del barrio Santa Lucía.
;;;;;;;
63;2;Enlace Noroeste;UNICO;ENO;Malabia y Scheweitzer;Eva Peron y Rodo;IDA: Desde Malabia y Schweitzer, por Schweitzer (O-E), Álvarez Condarco (N-S), La República, Álvarez Condarco (N-S), Juan José Paso (O-E), Sarratea (N-S), Azcuénaga (O-E), Bv. Wilde (N-S), Av. Eva Perón hasta Rodo .- VUELTA: Desde Rodo y Av. Eva Perón, por Rodo, Navarro, Donado, Av. Eva Perón ( E-O), Bv. Wilde (S-N), Azcuénaga (E-O), Sarratea (S-N), Juan José Paso (E-O), Álvarez Condarco (S-N), La República (E-O), Malabia (S-N), Génova, Mensajerías, Av. Newbery, Malabia hasta Schweitzer.Funcionamiento: 06:00 a 21:30 horas de lunes a domingos.- Transbordo gratuito La línea Enlace tendrá transbordo gratuito con las líneas 116 y 133 bandera Negra y Verde en la intersección de las  Av. Eva Perón y Rodo .
;;;;;;;
68;3;RONDA CUR-SUR;UNICO;CUR-SUR;Ciudad Universitaria;Battle y Ordóñez y Ov. Lagos.; IDA: Desde B. y Ordóñez y Av. Ov. Lagos, por Av.  Ov. Lagos, Av. Arijón,  Av. San Martín, 1º Junta, Maipú, Cerrito, Beruti  hasta Riobamba. 
VUELTA:Desde Beruti y Riobamba, por Riobamba, Laprida, Rueda, Av. San Martín, Av. Arijón, Av. Ov. Lagos, Colectora José M. Rosas, Curapaligue, B. y Ordóñez hasta Av. Ov. Lagos.;;;;;;;
;;;;;;;
67;3;115;AEROPUERTO;NULL;Ciudad Universitaria;Aeropuerto; IDA: Egreso desde el predio del Aeropuerto, por Real (rotonda), Av. Jorge Newbery, Bv. Wilde, Juan José Paso, Donado, Chassaing, Colombres, Av. Eva Perón - Córdoba, Balcarce, San Luis, Alem, Montevideo, Colón, Cerrito, Berutti hasta Riobamba. VUELTA: Desde Berutti y Riobamba, por Riobamba, Necochea, E. Zeballos, Maipú, Santa Fe-Eva Perón, Donado, Juan José Paso, Bv. Wilde, Av. Jorge Newbery, rotonda, Real, ingreso al predio del Aeropuerto.<p></p><b>TRANSBORDO GRATUITO:</b> En el nodo ubicado en Av. Eva Perón y Rodó:Con la línea Enlace Noroeste (de lunes a viernes, de 6 a 21:30 hs.)
;;;;;;;
72;3;ENLACE IRIGOYEN;UNICO;EBI;Regimiento 11 y Laprida;Clavel y Hortensia; IDA:Desde calle Clavel y Hortensia, por Hortencia, Flor de Nacar, 5 de Agosto-Colectora Jose M. Rosa, Av. San Martín, Calle 503, Carnot, Blandengues, Av. San Martín,  Regimiento 11 hasta Laprida. VUELTA:Desde Regimiento 11 y Laprida, por Laprida, Ntra. Sra. Del Rosario, Av. San Martín, Frias, Pago de los Arroyos, Colectora Juan Pablo II, España, 5 de Agosto, Flor de Nacar, Estrella Federal, Clavel hasta Hortensia.
;;;;;;;
99;3;DIFERENCIAL ROSARIO SUR;UNICO;DFRS;Estación Terminal Mariano Moreno;Estación Rosario Sur; IDA: Desde Av. San Martín y  R. De Pineda (Estación Rosario Sur), por Av. San Martín, Bv. 27 de Febrero, Corrientes, Jujuy, Pte. Roca, Av. Dr. Illia, Av. A. del Valle, Av. Ovidio Lagos, Santa Fe, Alsina, Córdoba, Castellano ingreso a la Estación Terminal de Omnibus Mariano Moreno. VUELTA: Desde Estación Terminal Mariano Moreno, por Castellano, Santa Fe, Alsina, Córdoba, Callao, Av. Rivadavia-Av. Wheelwright, Entre Ríos, Bv. 27 de Febrero, Av. San Martín, Caupolican, R. De Pineda  hasta Av. San Martín (Estación Rosario Sur).<p></p><b>FUNCIONAMIENTO:</b></br> Llega a la Estación Rosario Sur a las 23:27, inicia su recorrido aproximadamente a las 23:42, una vez llegado el tren, de acuerdo al siguiente esquema:<ul><li>Plaza Sarmiento: 23:57</li><li>Estación Rosario Norte: 00:05</li><li>Terminal de Omnibus Mariano Moreno: 00:30</li></ul><p></p> Luego, reinicia su recorrido desde la Terminal de Omnibus Mariano Moreno aproximadamente a las 00:45, una vez llegado el Tren, de acuerdo al siguiente esquema:<ul><li>Estación Rosario Norte: 00:55</li><li>Plaza Sarmiento: 01:10</li><li>Estación Rosario Sur: 01:25</li></ul>
;;;;;;;
98;2;ENLACE PARQUE IBARLUCEA;UNICO;ENIB;Morrow y Camino Límite;Polideportivo Barrio Cristaleria; IDA:Desde calle Alberini y Pje. Peatonal, por Alberini, Tres Sargentos, Camino Límite de Municipio (sentido Este-Oeste) hasta Morrow. VUELTA: Desde Camino Límite de Municipio y Morrow, por Morrow, Cullen y Ugarte, Villa del Parque, Alberini hasta Pje. Peatonal. FUNCIONAMIENTO:Todos los días de 5:00 a 24:00 hrs. TRANSBORDO GRATUITO:En el nodo ubicado en Alberini y Pje. Peatonal:Con la línea 153 N (todos los días, en su horario de funcionamiento).
 ;;;;;;;
73;2;ENLACE AVELLANEDA OESTE;UNICO;EAO;Rouillón y Cisneros;Rouillón y  Segui; IDA: Desde calle Rouillón y Av. Pte. Perón, por calle Rouillón, Cisneros, Matienzo,  Maradona, Felipe More hasta Aborígenes Argentino. VUELTA: Desde F. More y Aborígenes Argentinos, por Aborígenes Argentinos, Matienzo, Cisneros, Rouillón, Amenábar, Liniers, Gálvez, Rouillón Hasta Av. Pte. Perón.<br/> • Funcionamiento:<br/> Días: de lunes a domingos / Horario: 06:00 a 22:00 hs.-<br/> Trasbordo gratuito: con la línea 122 banderas Roja y Verde.-
;;;;;;;
96;2;Q;UNICO;Q;Ciudad Universitaria;Francia y Juan Pablo II; IDA: Desde Colectora Juan Pablo II y Francia, Av. Francia,  Mendoza, Alem, Cerrito, Berutti, hasta Riobamba. VUELTA: Desde Riobamba y Berutti, por Riobamba, Necochea, 3 de Febrero, 1º de Mayo, San Juan, Av. Francia, Arijón, Av. Ov. Lagos, Colectora Juan Pablo II hasta Francia
;;;;;;;
65;2;Linea de la Costa;UNICO;LC;Pintor Musto e Iturraspe;Av. Belgrano y Rioja; IDA: Desde Av. Belgrano y Rioja, por Av. Belgrano (calle lateral), Sgto Cabral, Urquiza, Entre Rios, Santa Fe, Bv. Avellaneda, Viaducto E. Pinasco, Bv. Avellaneda, Av. Centenario, Av. A. Frondizi, Av.  C. Colombres, Av. Eudoro Carrasco, Galicia, Iriarte, P. Musto hasta Iturraspe. VUELTA: Desde P. Musto e Iturraspe, por Pintor Musto, Av. Eudoro Carrasco, Av. C. Colombres, Av. A. Frondizi, Av. Centenario, Bv. Avellaneda, Viaducto E. Pinasco, San Lorenzo, Alsina, Córdoba, Alvear, San Lorenzo, Corrientes, Tucumán, Av. Belgrano (calle lateral-calle central) hasta Rioja.
